"Name","Type","Kind","ReadOnly","NumIndices","Value","Display","Error","Members"
"ActiveControl","System.Object","object","true","0",,"__ComObject",,"Application, Parent, Count, VBE"
"BackColor","System.Drawing.Color","scalar","false","0","-2147483633","Control",,""
"BorderColor","System.Drawing.Color","scalar","false","0","-2147483630","ControlText",,""
"BorderStyle","2467717475888_fmBorderStyle","scalar","false","0","0",,,""
"CanPaste","System.Boolean","scalar","true","0","False",,,""
"CanRedo","System.Boolean","scalar","true","0","False",,,""
"CanUndo","System.Boolean","scalar","true","0","False",,,""
"Controls","System.Windows.Forms.UnsafeNativeMethods+IDispatch","object","true","0",,"__ComObject",,"Count, _NewEnum"
"Cycle","2467717475976_fmCycle","scalar","false","0","0",,,""
"_Font_Reserved","System.Drawing.Font","scalar","false","0",,,"Propriété ou méthode non gérée par cet objet",""
"Font","System.Drawing.Font","object","false","0",,"Font",,"FontFamily, Bold, GdiCharSet, GdiVerticalFont, Italic, Name, OriginalFontName, Strikeout, Underline, Style, Size, SizeInPoints, Unit, Height, IsSystemFont, SystemFontName"
"ForeColor","System.Drawing.Color","scalar","false","0","-2147483630","ControlText",,""
"InsideHeight","System.Single","scalar","true","0","150.75",,,""
"InsideWidth","System.Single","scalar","true","0","228",,,""
"KeepScrollBarsVisible","2467717476152_fmScrollBars","scalar","false","0","3",,,""
"MouseIcon","System.Drawing.Icon","object","false","0",,"__ComObject",,"Application, Parent, Count, VBE"
"MousePointer","2467717476240_fmMousePointer","scalar","false","0","0",,,""
"PictureAlignment","2467717476328_fmPictureAlignment","scalar","false","0","2",,,""
"Picture","System.Drawing.Bitmap","object","false","0",,"__ComObject",,"Application, Parent, Count, VBE"
"PictureSizeMode","2467717476416_fmPictureSizeMode","scalar","false","0","0",,,""
"PictureTiling","System.Boolean","scalar","false","0","False",,,""
"ScrollBars","2467717476152_fmScrollBars","scalar","false","0","0",,,""
"ScrollHeight","System.Single","scalar","false","0","0",,,""
"ScrollLeft","System.Single","scalar","false","0","0",,,""
"ScrollTop","System.Single","scalar","false","0","0",,,""
"ScrollWidth","System.Single","scalar","false","0","0",,,""
"Selected","System.Windows.Forms.UnsafeNativeMethods+IDispatch","object","true","0",,"__ComObject",,"Count, _NewEnum"
"SpecialEffect","2467717476504_fmSpecialEffect","scalar","false","0","0",,,""
"VerticalScrollBarSide","2467717476680_fmVerticalScrollBarSide","scalar","false","0","0",,,""
"Zoom","System.Int16","scalar","false","0","100",,,""
"DesignMode","2467717476768_fmMode","scalar","false","0","-2",,,""
"ShowToolbox","2467717476768_fmMode","scalar","false","0","-2",,,""
"ShowGridDots","2467717476768_fmMode","scalar","false","0","-2",,,""
"SnapToGrid","2467717476768_fmMode","scalar","false","0","-2",,,""
"GridX","System.Single","scalar","false","0","0",,,""
"GridY","System.Single","scalar","false","0","0",,,""
"DrawBuffer","System.Int32","scalar","false","0","32000",,,""
"Name","System.String","scalar","unknown","0","CodexInventoryForm",,,""
"Caption","System.String","scalar","false","0","UserForm1",,,""
"Left","System.Single","scalar","unknown","0","0",,,""
"Top","System.Single","scalar","unknown","0","0",,,""
"Width","System.Single","scalar","unknown","0","240",,,""
"Height","System.Single","scalar","unknown","0","180",,,""
"Enabled","System.Boolean","scalar","false","0","True",,,""
"Tag",,"scalar","unknown","0",,,,""
"HelpContextID","System.Int32","scalar","unknown","0","0",,,""
"WhatsThisButton","System.Boolean","scalar","unknown","0","False",,,""
"WhatsThisHelp","System.Boolean","scalar","unknown","0","False",,,""
"RightToLeft","System.Boolean","scalar","unknown","0","False",,,""
"StartUpPosition","System.Int16","scalar","unknown","0","1",,,""
"ShowModal","System.Boolean","scalar","unknown","0","True",,,""
