"ControlType","ProgId","Property","Type","ReadOnly","Value","Error"
"CheckBox","Forms.CheckBox.1","_Font_Reserved","System.Drawing.Font","False",,"L'opération GetValue sur le composant a échoué avec le code d'erreur 0x80020003."
"CheckBox","Forms.CheckBox.1","Accelerator","System.String","False",,
"CheckBox","Forms.CheckBox.1","Alignment","2780421679696_fmAlignment","False","Right",
"CheckBox","Forms.CheckBox.1","AutoSize","System.Boolean","False","False",
"CheckBox","Forms.CheckBox.1","BackColor","System.Drawing.Color","False","Color [Control]",
"CheckBox","Forms.CheckBox.1","BackStyle","2780421679872_fmBackStyle","False","Opaque",
"CheckBox","Forms.CheckBox.1","BordersSuppress","System.Boolean","False","False",
"CheckBox","Forms.CheckBox.1","BoundValue","System.Windows.Forms.ComponentModel.Com2Interop.Com2Variant","False","False",
"CheckBox","Forms.CheckBox.1","Cancel","System.Boolean","False",,
"CheckBox","Forms.CheckBox.1","Caption","System.String","False",,
"CheckBox","Forms.CheckBox.1","ControlSource","System.String","False",,
"CheckBox","Forms.CheckBox.1","ControlTipText","System.String","False",,
"CheckBox","Forms.CheckBox.1","Default","System.Boolean","False",,
"CheckBox","Forms.CheckBox.1","DisplayStyle","2780421680400_fmDisplayStyle","True","CheckBox",
"CheckBox","Forms.CheckBox.1","Enabled","System.Boolean","False","True",
"CheckBox","Forms.CheckBox.1","Font","System.Drawing.Font","False","[Font: Name=Tahoma, Size=8.25, Units=3, GdiCharSet=0, GdiVerticalFont=False]",
"CheckBox","Forms.CheckBox.1","FontBold","System.Boolean","False","False",
"CheckBox","Forms.CheckBox.1","FontItalic","System.Boolean","False","False",
"CheckBox","Forms.CheckBox.1","FontName","System.String","False","Tahoma",
"CheckBox","Forms.CheckBox.1","FontSize","System.Decimal","False","8.25",
"CheckBox","Forms.CheckBox.1","FontStrikethru","System.Boolean","False","False",
"CheckBox","Forms.CheckBox.1","FontUnderline","System.Boolean","False","False",
"CheckBox","Forms.CheckBox.1","FontWeight","System.Int16","False","400",
"CheckBox","Forms.CheckBox.1","ForeColor","System.Drawing.Color","False","Color [ControlText]",
"CheckBox","Forms.CheckBox.1","GroupName","System.String","False",,
"CheckBox","Forms.CheckBox.1","Height","System.Single","False","32",
"CheckBox","Forms.CheckBox.1","HelpContextID","System.Int32","False","0",
"CheckBox","Forms.CheckBox.1","InSelection","System.Boolean","False","False",
"CheckBox","Forms.CheckBox.1","LayoutEffect","2780421679608_fmLayoutEffect","True",,
"CheckBox","Forms.CheckBox.1","Left","System.Single","False","12",
"CheckBox","Forms.CheckBox.1","Locked","System.Boolean","False","False",
"CheckBox","Forms.CheckBox.1","MouseIcon","System.Drawing.Icon","False",,
"CheckBox","Forms.CheckBox.1","MousePointer","2780421680048_fmMousePointer","False","Default",
"CheckBox","Forms.CheckBox.1","MultiSelect","2780421680136_fmMultiSelect","False","Single",
"CheckBox","Forms.CheckBox.1","Name","System.String","False","probeCheckBox",
"CheckBox","Forms.CheckBox.1","Object","System.Windows.Forms.UnsafeNativeMethods+IDispatch","True",,
"CheckBox","Forms.CheckBox.1","OldHeight","System.Single","True",,
"CheckBox","Forms.CheckBox.1","OldLeft","System.Single","True",,
"CheckBox","Forms.CheckBox.1","OldTop","System.Single","True",,
"CheckBox","Forms.CheckBox.1","OldWidth","System.Single","True",,
"CheckBox","Forms.CheckBox.1","Parent","System.Windows.Forms.UnsafeNativeMethods+IDispatch","True",,
"CheckBox","Forms.CheckBox.1","Picture","System.Drawing.Bitmap","False",,
"CheckBox","Forms.CheckBox.1","PicturePosition","2780421680224_fmPicturePosition","False","AboveCenter",
"CheckBox","Forms.CheckBox.1","RowSource","System.String","False",,
"CheckBox","Forms.CheckBox.1","RowSourceType","System.Int16","False",,
"CheckBox","Forms.CheckBox.1","SpecialEffect","2780421680312_fmButtonEffect","False","Sunken",
"CheckBox","Forms.CheckBox.1","TabIndex","System.Int16","False","0",
"CheckBox","Forms.CheckBox.1","TabStop","System.Boolean","False","True",
"CheckBox","Forms.CheckBox.1","Tag","System.String","False",,
"CheckBox","Forms.CheckBox.1","TextAlign","2780421680488_fmTextAlign","False","Left",
"CheckBox","Forms.CheckBox.1","Top","System.Single","False","12",
"CheckBox","Forms.CheckBox.1","TripleState","System.Boolean","False","False",
"CheckBox","Forms.CheckBox.1","Valid","System.Boolean","True","True",
"CheckBox","Forms.CheckBox.1","Value","System.Windows.Forms.ComponentModel.Com2Interop.Com2Variant","False","False",
"CheckBox","Forms.CheckBox.1","Visible","System.Boolean","False","True",
"CheckBox","Forms.CheckBox.1","Width","System.Single","False","140",
"CheckBox","Forms.CheckBox.1","WordWrap","System.Boolean","False","True",
"ComboBox","Forms.ComboBox.1","_Font_Reserved","System.Drawing.Font","False",,"L'opération GetValue sur le composant a échoué avec le code d'erreur 0x80020003."
"ComboBox","Forms.ComboBox.1","AutoSize","System.Boolean","False","False",
"ComboBox","Forms.ComboBox.1","AutoTab","System.Boolean","False","False",
"ComboBox","Forms.ComboBox.1","AutoWordSelect","System.Boolean","False","True",
"ComboBox","Forms.ComboBox.1","BackColor","System.Drawing.Color","False","Color [Window]",
"ComboBox","Forms.ComboBox.1","BackStyle","2780421679872_fmBackStyle","False","Opaque",
"ComboBox","Forms.ComboBox.1","BorderColor","System.Drawing.Color","False","Color [WindowFrame]",
"ComboBox","Forms.ComboBox.1","BordersSuppress","System.Boolean","False","False",
"ComboBox","Forms.ComboBox.1","BorderStyle","2780421680928_fmBorderStyle","False","None",
"ComboBox","Forms.ComboBox.1","BoundColumn","System.Windows.Forms.ComponentModel.Com2Interop.Com2Variant","False","1",
"ComboBox","Forms.ComboBox.1","BoundValue","System.Windows.Forms.ComponentModel.Com2Interop.Com2Variant","False",,
"ComboBox","Forms.ComboBox.1","Cancel","System.Boolean","False",,
"ComboBox","Forms.ComboBox.1","CanPaste","System.Boolean","True","True",
"ComboBox","Forms.ComboBox.1","ColumnCount","System.Int32","False","1",
"ComboBox","Forms.ComboBox.1","ColumnHeads","System.Boolean","False","False",
"ComboBox","Forms.ComboBox.1","ColumnWidths","System.String","False",,
"ComboBox","Forms.ComboBox.1","ControlSource","System.String","False",,
"ComboBox","Forms.ComboBox.1","ControlTipText","System.String","False",,
"ComboBox","Forms.ComboBox.1","CurTargetX","System.Int32","True",,
"ComboBox","Forms.ComboBox.1","CurTargetY","System.Int32","True",,
"ComboBox","Forms.ComboBox.1","CurX","System.Int32","False",,
"ComboBox","Forms.ComboBox.1","Default","System.Boolean","False",,
"ComboBox","Forms.ComboBox.1","DisplayStyle","2780421680400_fmDisplayStyle","True","Combo",
"ComboBox","Forms.ComboBox.1","DragBehavior","2780421681808_fmDragBehavior","False","Disabled",
"ComboBox","Forms.ComboBox.1","DropButtonStyle","2780421681016_fmDropButtonStyle","False","Arrow",
"ComboBox","Forms.ComboBox.1","Enabled","System.Boolean","False","True",
"ComboBox","Forms.ComboBox.1","EnterFieldBehavior","2780421681720_fmEnterFieldBehavior","False","SelectAll",
"ComboBox","Forms.ComboBox.1","Font","System.Drawing.Font","False","[Font: Name=Tahoma, Size=8.25, Units=3, GdiCharSet=0, GdiVerticalFont=False]",
"ComboBox","Forms.ComboBox.1","FontBold","System.Boolean","False","False",
"ComboBox","Forms.ComboBox.1","FontItalic","System.Boolean","False","False",
"ComboBox","Forms.ComboBox.1","FontName","System.String","False","Tahoma",
"ComboBox","Forms.ComboBox.1","FontSize","System.Decimal","False","8.25",
"ComboBox","Forms.ComboBox.1","FontStrikethru","System.Boolean","False","False",
"ComboBox","Forms.ComboBox.1","FontUnderline","System.Boolean","False","False",
"ComboBox","Forms.ComboBox.1","FontWeight","System.Int16","False","400",
"ComboBox","Forms.ComboBox.1","ForeColor","System.Drawing.Color","False","Color [WindowText]",
"ComboBox","Forms.ComboBox.1","Height","System.Single","False","32",
"ComboBox","Forms.ComboBox.1","HelpContextID","System.Int32","False","0",
"ComboBox","Forms.ComboBox.1","HideSelection","System.Boolean","False","True",
"ComboBox","Forms.ComboBox.1","IMEMode","2780421681632_fmIMEMode","False","NoControl",
"ComboBox","Forms.ComboBox.1","InSelection","System.Boolean","False","False",
"ComboBox","Forms.ComboBox.1","LayoutEffect","2780421679608_fmLayoutEffect","True",,
"ComboBox","Forms.ComboBox.1","Left","System.Single","False","167",
"ComboBox","Forms.ComboBox.1","LineCount","System.Int32","True",,
"ComboBox","Forms.ComboBox.1","ListCount","System.Int32","True","0",
"ComboBox","Forms.ComboBox.1","ListCursor",,"False",,
"ComboBox","Forms.ComboBox.1","ListIndex","System.Windows.Forms.ComponentModel.Com2Interop.Com2Variant","False","-1",
"ComboBox","Forms.ComboBox.1","ListRows","System.Int32","False","8",
"ComboBox","Forms.ComboBox.1","ListStyle","2780421681192_fmListStyle","False","Plain",
"ComboBox","Forms.ComboBox.1","ListWidth","System.Windows.Forms.ComponentModel.Com2Interop.Com2Variant","False","0 pt",
"ComboBox","Forms.ComboBox.1","Locked","System.Boolean","False","False",
"ComboBox","Forms.ComboBox.1","MatchEntry","2780421681280_fmMatchEntry","False","Complete",
"ComboBox","Forms.ComboBox.1","MatchFound","System.Boolean","True","False",
"ComboBox","Forms.ComboBox.1","MatchRequired","System.Boolean","False","False",
"ComboBox","Forms.ComboBox.1","MaxLength","System.Int32","False","0",
"ComboBox","Forms.ComboBox.1","MouseIcon","System.Drawing.Icon","False",,
"ComboBox","Forms.ComboBox.1","MousePointer","2780421680048_fmMousePointer","False","Default",
"ComboBox","Forms.ComboBox.1","Name","System.String","False","probeComboBox",
"ComboBox","Forms.ComboBox.1","Object","System.Windows.Forms.UnsafeNativeMethods+IDispatch","True",,
"ComboBox","Forms.ComboBox.1","OldHeight","System.Single","True",,
"ComboBox","Forms.ComboBox.1","OldLeft","System.Single","True",,
"ComboBox","Forms.ComboBox.1","OldTop","System.Single","True",,
"ComboBox","Forms.ComboBox.1","OldWidth","System.Single","True",,
"ComboBox","Forms.ComboBox.1","Parent","System.Windows.Forms.UnsafeNativeMethods+IDispatch","True",,
"ComboBox","Forms.ComboBox.1","RowSource","System.String","False",,
"ComboBox","Forms.ComboBox.1","RowSourceType","System.Int16","False",,
"ComboBox","Forms.ComboBox.1","SelectionMargin","System.Boolean","False","True",
"ComboBox","Forms.ComboBox.1","SelLength","System.Int32","False","0",
"ComboBox","Forms.ComboBox.1","SelStart","System.Int32","False","0",
"ComboBox","Forms.ComboBox.1","SelText","System.String","False","",
"ComboBox","Forms.ComboBox.1","ShowDropButtonWhen","2780421681368_fmShowDropButtonWhen","False","Always",
"ComboBox","Forms.ComboBox.1","SpecialEffect","2780421681456_fmSpecialEffect","False","Sunken",
"ComboBox","Forms.ComboBox.1","Style","2780421681544_fmStyle","False","DropDownCombo",
"ComboBox","Forms.ComboBox.1","TabIndex","System.Int16","False","1",
"ComboBox","Forms.ComboBox.1","TabStop","System.Boolean","False","True",
"ComboBox","Forms.ComboBox.1","Tag","System.String","False",,
"ComboBox","Forms.ComboBox.1","Text","System.String","False",,
"ComboBox","Forms.ComboBox.1","TextAlign","2780421680488_fmTextAlign","False","Left",
"ComboBox","Forms.ComboBox.1","TextColumn","System.Windows.Forms.ComponentModel.Com2Interop.Com2Variant","False","-1",
"ComboBox","Forms.ComboBox.1","TextLength","System.Int32","True","0",
"ComboBox","Forms.ComboBox.1","Top","System.Single","False","12",
"ComboBox","Forms.ComboBox.1","TopIndex","System.Windows.Forms.ComponentModel.Com2Interop.Com2Variant","False","-1",
"ComboBox","Forms.ComboBox.1","Valid","System.Boolean","True","True",
"ComboBox","Forms.ComboBox.1","Value","System.Windows.Forms.ComponentModel.Com2Interop.Com2Variant","False",,
"ComboBox","Forms.ComboBox.1","Visible","System.Boolean","False","True",
"ComboBox","Forms.ComboBox.1","Width","System.Single","False","140",
"CommandButton","Forms.CommandButton.1","_Font_Reserved","System.Drawing.Font","False",,"L'opération GetValue sur le composant a échoué avec le code d'erreur 0x80020003."
"CommandButton","Forms.CommandButton.1","Accelerator","System.String","False",,
"CommandButton","Forms.CommandButton.1","AutoSize","System.Boolean","False","False",
"CommandButton","Forms.CommandButton.1","BackColor","System.Drawing.Color","False","Color [Control]",
"CommandButton","Forms.CommandButton.1","BackStyle","2780421679872_fmBackStyle","False","Opaque",
"CommandButton","Forms.CommandButton.1","BoundValue","System.Windows.Forms.ComponentModel.Com2Interop.Com2Variant","False","False",
"CommandButton","Forms.CommandButton.1","Cancel","System.Boolean","False","False",
"CommandButton","Forms.CommandButton.1","Caption","System.String","False",,
"CommandButton","Forms.CommandButton.1","ControlSource","System.String","False",,
"CommandButton","Forms.CommandButton.1","ControlTipText","System.String","False",,
"CommandButton","Forms.CommandButton.1","Default","System.Boolean","False","False",
"CommandButton","Forms.CommandButton.1","Enabled","System.Boolean","False","True",
"CommandButton","Forms.CommandButton.1","Font","System.Drawing.Font","False","[Font: Name=Tahoma, Size=8.25, Units=3, GdiCharSet=0, GdiVerticalFont=False]",
"CommandButton","Forms.CommandButton.1","FontBold","System.Boolean","False","False",
"CommandButton","Forms.CommandButton.1","FontItalic","System.Boolean","False","False",
"CommandButton","Forms.CommandButton.1","FontName","System.String","False","Tahoma",
"CommandButton","Forms.CommandButton.1","FontSize","System.Decimal","False","8.25",
"CommandButton","Forms.CommandButton.1","FontStrikethru","System.Boolean","False","False",
"CommandButton","Forms.CommandButton.1","FontUnderline","System.Boolean","False","False",
"CommandButton","Forms.CommandButton.1","FontWeight","System.Int16","False","400",
"CommandButton","Forms.CommandButton.1","ForeColor","System.Drawing.Color","False","Color [ControlText]",
"CommandButton","Forms.CommandButton.1","Height","System.Single","False","32",
"CommandButton","Forms.CommandButton.1","HelpContextID","System.Int32","False","0",
"CommandButton","Forms.CommandButton.1","InSelection","System.Boolean","False","False",
"CommandButton","Forms.CommandButton.1","LayoutEffect","2780421679608_fmLayoutEffect","True",,
"CommandButton","Forms.CommandButton.1","Left","System.Single","False","12",
"CommandButton","Forms.CommandButton.1","Locked","System.Boolean","False","False",
"CommandButton","Forms.CommandButton.1","MouseIcon","System.Drawing.Icon","False",,
"CommandButton","Forms.CommandButton.1","MousePointer","2780421680048_fmMousePointer","False","Default",
"CommandButton","Forms.CommandButton.1","Name","System.String","False","probeCommandButton",
"CommandButton","Forms.CommandButton.1","Object","System.Windows.Forms.UnsafeNativeMethods+IDispatch","True",,
"CommandButton","Forms.CommandButton.1","OldHeight","System.Single","True",,
"CommandButton","Forms.CommandButton.1","OldLeft","System.Single","True",,
"CommandButton","Forms.CommandButton.1","OldTop","System.Single","True",,
"CommandButton","Forms.CommandButton.1","OldWidth","System.Single","True",,
"CommandButton","Forms.CommandButton.1","Parent","System.Windows.Forms.UnsafeNativeMethods+IDispatch","True",,
"CommandButton","Forms.CommandButton.1","Picture","System.Drawing.Bitmap","False",,
"CommandButton","Forms.CommandButton.1","PicturePosition","2780421680224_fmPicturePosition","False","AboveCenter",
"CommandButton","Forms.CommandButton.1","RowSource","System.String","False",,
"CommandButton","Forms.CommandButton.1","RowSourceType","System.Int16","False",,
"CommandButton","Forms.CommandButton.1","TabIndex","System.Int16","False","2",
"CommandButton","Forms.CommandButton.1","TabStop","System.Boolean","False","True",
"CommandButton","Forms.CommandButton.1","Tag","System.String","False",,
"CommandButton","Forms.CommandButton.1","TakeFocusOnClick","System.Boolean","False","True",
"CommandButton","Forms.CommandButton.1","Top","System.Single","False","54",
"CommandButton","Forms.CommandButton.1","Value","System.Boolean","False","False",
"CommandButton","Forms.CommandButton.1","Visible","System.Boolean","False","True",
"CommandButton","Forms.CommandButton.1","Width","System.Single","False","140",
"CommandButton","Forms.CommandButton.1","WordWrap","System.Boolean","False","False",
"Frame","Forms.Frame.1","_Font_Reserved","System.Drawing.Font","False",,"L'opération GetValue sur le composant a échoué avec le code d'erreur 0x80020003."
"Frame","Forms.Frame.1","ActiveControl","System.Object","True",,
"Frame","Forms.Frame.1","BackColor","System.Drawing.Color","False","Color [Control]",
"Frame","Forms.Frame.1","BorderColor","System.Drawing.Color","False","Color [ControlText]",
"Frame","Forms.Frame.1","BorderStyle","2780421680928_fmBorderStyle","False","None",
"Frame","Forms.Frame.1","BoundValue","System.Windows.Forms.ComponentModel.Com2Interop.Com2Variant","False",,
"Frame","Forms.Frame.1","Cancel","System.Boolean","False",,
"Frame","Forms.Frame.1","CanPaste","System.Boolean","True","False",
"Frame","Forms.Frame.1","CanRedo","System.Boolean","True","False",
"Frame","Forms.Frame.1","CanUndo","System.Boolean","True","False",
"Frame","Forms.Frame.1","Caption","System.String","False",,
"Frame","Forms.Frame.1","Controls","System.Windows.Forms.UnsafeNativeMethods+IDispatch","True",,
"Frame","Forms.Frame.1","ControlSource","System.String","False",,
"Frame","Forms.Frame.1","ControlTipText","System.String","False",,
"Frame","Forms.Frame.1","Cycle","2780421682952_fmCycle","False","AllForms",
"Frame","Forms.Frame.1","Default","System.Boolean","False",,
"Frame","Forms.Frame.1","DesignMode","2780421683392_fmMode","False","Inherit",
"Frame","Forms.Frame.1","Enabled","System.Boolean","False","True",
"Frame","Forms.Frame.1","Font","System.Drawing.Font","False","[Font: Name=Tahoma, Size=8.25, Units=3, GdiCharSet=1, GdiVerticalFont=False]",
"Frame","Forms.Frame.1","ForeColor","System.Drawing.Color","False","Color [ControlText]",
"Frame","Forms.Frame.1","GridX","System.Single","False","0",
"Frame","Forms.Frame.1","GridY","System.Single","False","0",
"Frame","Forms.Frame.1","Height","System.Single","False","32",
"Frame","Forms.Frame.1","HelpContextID","System.Int32","False","0",
"Frame","Forms.Frame.1","InSelection","System.Boolean","False","False",
"Frame","Forms.Frame.1","InsideHeight","System.Single","True","29",
"Frame","Forms.Frame.1","InsideWidth","System.Single","True","137",
"Frame","Forms.Frame.1","KeepScrollBarsVisible","2780421683040_fmScrollBars","False","Both",
"Frame","Forms.Frame.1","LayoutEffect","2780421679608_fmLayoutEffect","True",,
"Frame","Forms.Frame.1","Left","System.Single","False","167",
"Frame","Forms.Frame.1","MouseIcon","System.Drawing.Icon","False",,
"Frame","Forms.Frame.1","MousePointer","2780421680048_fmMousePointer","False","Default",
"Frame","Forms.Frame.1","Name","System.String","False","probeFrame",
"Frame","Forms.Frame.1","Object","System.Windows.Forms.UnsafeNativeMethods+IDispatch","True",,
"Frame","Forms.Frame.1","OldHeight","System.Single","True",,
"Frame","Forms.Frame.1","OldLeft","System.Single","True",,
"Frame","Forms.Frame.1","OldTop","System.Single","True",,
"Frame","Forms.Frame.1","OldWidth","System.Single","True",,
"Frame","Forms.Frame.1","Parent","System.Windows.Forms.UnsafeNativeMethods+IDispatch","True",,
"Frame","Forms.Frame.1","Picture","System.Drawing.Bitmap","False",,
"Frame","Forms.Frame.1","PictureAlignment","2780421683128_fmPictureAlignment","False","Center",
"Frame","Forms.Frame.1","PictureSizeMode","2780421683216_fmPictureSizeMode","False","Clip",
"Frame","Forms.Frame.1","PictureTiling","System.Boolean","False","False",
"Frame","Forms.Frame.1","RowSource","System.String","False",,
"Frame","Forms.Frame.1","RowSourceType","System.Int16","False",,
"Frame","Forms.Frame.1","ScrollBars","2780421683040_fmScrollBars","False","None",
"Frame","Forms.Frame.1","ScrollHeight","System.Single","False","0",
"Frame","Forms.Frame.1","ScrollLeft","System.Single","False","0",
"Frame","Forms.Frame.1","ScrollTop","System.Single","False","0",
"Frame","Forms.Frame.1","ScrollWidth","System.Single","False","0",
"Frame","Forms.Frame.1","Selected","System.Windows.Forms.UnsafeNativeMethods+IDispatch","True",,
"Frame","Forms.Frame.1","ShowGridDots","2780421683392_fmMode","False","Inherit",
"Frame","Forms.Frame.1","ShowToolbox","2780421683392_fmMode","False","Inherit",
"Frame","Forms.Frame.1","SnapToGrid","2780421683392_fmMode","False","Inherit",
"Frame","Forms.Frame.1","SpecialEffect","2780421681456_fmSpecialEffect","False","Etched",
"Frame","Forms.Frame.1","TabIndex","System.Int16","False","3",
"Frame","Forms.Frame.1","TabStop","System.Boolean","False","True",
"Frame","Forms.Frame.1","Tag","System.String","False",,
"Frame","Forms.Frame.1","Top","System.Single","False","54",
"Frame","Forms.Frame.1","VerticalScrollBarSide","2780421683304_fmVerticalScrollBarSide","False","Right",
"Frame","Forms.Frame.1","Visible","System.Boolean","False","True",
"Frame","Forms.Frame.1","Width","System.Single","False","140",
"Frame","Forms.Frame.1","Zoom","System.Int16","False","100",
"Image","Forms.Image.1","AutoSize","System.Boolean","False","False",
"Image","Forms.Image.1","BackColor","System.Drawing.Color","False","Color [Control]",
"Image","Forms.Image.1","BackStyle","2780421679872_fmBackStyle","False","Opaque",
"Image","Forms.Image.1","BorderColor","System.Drawing.Color","False","Color [WindowFrame]",
"Image","Forms.Image.1","BorderStyle","2780421680928_fmBorderStyle","False","Single",
"Image","Forms.Image.1","BoundValue","System.Windows.Forms.ComponentModel.Com2Interop.Com2Variant","False",,
"Image","Forms.Image.1","Cancel","System.Boolean","False",,
"Image","Forms.Image.1","ControlSource","System.String","False",,
"Image","Forms.Image.1","ControlTipText","System.String","False",,
"Image","Forms.Image.1","Default","System.Boolean","False",,
"Image","Forms.Image.1","Enabled","System.Boolean","False","True",
"Image","Forms.Image.1","Height","System.Single","False","32",
"Image","Forms.Image.1","HelpContextID","System.Int32","False",,
"Image","Forms.Image.1","InSelection","System.Boolean","False","False",
"Image","Forms.Image.1","LayoutEffect","2780421679608_fmLayoutEffect","True",,
"Image","Forms.Image.1","Left","System.Single","False","12",
"Image","Forms.Image.1","MouseIcon","System.Drawing.Icon","False",,
"Image","Forms.Image.1","MousePointer","2780421680048_fmMousePointer","False","Default",
"Image","Forms.Image.1","Name","System.String","False","probeImage",
"Image","Forms.Image.1","Object","System.Windows.Forms.UnsafeNativeMethods+IDispatch","True",,
"Image","Forms.Image.1","OldHeight","System.Single","True",,
"Image","Forms.Image.1","OldLeft","System.Single","True",,
"Image","Forms.Image.1","OldTop","System.Single","True",,
"Image","Forms.Image.1","OldWidth","System.Single","True",,
"Image","Forms.Image.1","Parent","System.Windows.Forms.UnsafeNativeMethods+IDispatch","True",,
"Image","Forms.Image.1","Picture","System.Drawing.Bitmap","False",,
"Image","Forms.Image.1","PictureAlignment","2780421683128_fmPictureAlignment","False","Center",
"Image","Forms.Image.1","PictureSizeMode","2780421683216_fmPictureSizeMode","False","Clip",
"Image","Forms.Image.1","PictureTiling","System.Boolean","False","False",
"Image","Forms.Image.1","RowSource","System.String","False",,
"Image","Forms.Image.1","RowSourceType","System.Int16","False",,
"Image","Forms.Image.1","SpecialEffect","2780421681456_fmSpecialEffect","False","Flat",
"Image","Forms.Image.1","TabIndex","System.Int16","False",,
"Image","Forms.Image.1","TabStop","System.Boolean","False",,
"Image","Forms.Image.1","Tag","System.String","False",,
"Image","Forms.Image.1","Top","System.Single","False","96",
"Image","Forms.Image.1","Visible","System.Boolean","False","True",
"Image","Forms.Image.1","Width","System.Single","False","140",
"Label","Forms.Label.1","_Font_Reserved","System.Drawing.Font","False",,"L'opération GetValue sur le composant a échoué avec le code d'erreur 0x80020003."
"Label","Forms.Label.1","_Value","System.String","False",,
"Label","Forms.Label.1","Accelerator","System.String","False",,
"Label","Forms.Label.1","AutoSize","System.Boolean","False","False",
"Label","Forms.Label.1","BackColor","System.Drawing.Color","False","Color [Control]",
"Label","Forms.Label.1","BackStyle","2780421679872_fmBackStyle","False","Opaque",
"Label","Forms.Label.1","BorderColor","System.Drawing.Color","False","Color [WindowFrame]",
"Label","Forms.Label.1","BorderStyle","2780421680928_fmBorderStyle","False","None",
"Label","Forms.Label.1","BoundValue","System.Windows.Forms.ComponentModel.Com2Interop.Com2Variant","False",,
"Label","Forms.Label.1","Cancel","System.Boolean","False",,
"Label","Forms.Label.1","Caption","System.String","False",,
"Label","Forms.Label.1","ControlSource","System.String","False",,
"Label","Forms.Label.1","ControlTipText","System.String","False",,
"Label","Forms.Label.1","Default","System.Boolean","False",,
"Label","Forms.Label.1","Enabled","System.Boolean","False","True",
"Label","Forms.Label.1","Font","System.Drawing.Font","False","[Font: Name=Tahoma, Size=8.25, Units=3, GdiCharSet=0, GdiVerticalFont=False]",
"Label","Forms.Label.1","FontBold","System.Boolean","False","False",
"Label","Forms.Label.1","FontItalic","System.Boolean","False","False",
"Label","Forms.Label.1","FontName","System.String","False","Tahoma",
"Label","Forms.Label.1","FontSize","System.Decimal","False","8.25",
"Label","Forms.Label.1","FontStrikethru","System.Boolean","False","False",
"Label","Forms.Label.1","FontUnderline","System.Boolean","False","False",
"Label","Forms.Label.1","FontWeight","System.Int16","False","400",
"Label","Forms.Label.1","ForeColor","System.Drawing.Color","False","Color [ControlText]",
"Label","Forms.Label.1","Height","System.Single","False","32",
"Label","Forms.Label.1","HelpContextID","System.Int32","False","0",
"Label","Forms.Label.1","InSelection","System.Boolean","False","False",
"Label","Forms.Label.1","LayoutEffect","2780421679608_fmLayoutEffect","True",,
"Label","Forms.Label.1","Left","System.Single","False","167",
"Label","Forms.Label.1","MouseIcon","System.Drawing.Icon","False",,
"Label","Forms.Label.1","MousePointer","2780421680048_fmMousePointer","False","Default",
"Label","Forms.Label.1","Name","System.String","False","probeLabel",
"Label","Forms.Label.1","Object","System.Windows.Forms.UnsafeNativeMethods+IDispatch","True",,
"Label","Forms.Label.1","OldHeight","System.Single","True",,
"Label","Forms.Label.1","OldLeft","System.Single","True",,
"Label","Forms.Label.1","OldTop","System.Single","True",,
"Label","Forms.Label.1","OldWidth","System.Single","True",,
"Label","Forms.Label.1","Parent","System.Windows.Forms.UnsafeNativeMethods+IDispatch","True",,
"Label","Forms.Label.1","Picture","System.Drawing.Bitmap","False",,
"Label","Forms.Label.1","PicturePosition","2780421680224_fmPicturePosition","False","AboveCenter",
"Label","Forms.Label.1","RowSource","System.String","False",,
"Label","Forms.Label.1","RowSourceType","System.Int16","False",,
"Label","Forms.Label.1","SpecialEffect","2780421681456_fmSpecialEffect","False","Flat",
"Label","Forms.Label.1","TabIndex","System.Int16","False","4",
"Label","Forms.Label.1","TabStop","System.Boolean","False","False",
"Label","Forms.Label.1","Tag","System.String","False",,
"Label","Forms.Label.1","TextAlign","2780421680488_fmTextAlign","False","Left",
"Label","Forms.Label.1","Top","System.Single","False","96",
"Label","Forms.Label.1","Visible","System.Boolean","False","True",
"Label","Forms.Label.1","Width","System.Single","False","140",
"Label","Forms.Label.1","WordWrap","System.Boolean","False","True",
"ListBox","Forms.ListBox.1","_Font_Reserved","System.Drawing.Font","False",,"L'opération GetValue sur le composant a échoué avec le code d'erreur 0x80020003."
"ListBox","Forms.ListBox.1","BackColor","System.Drawing.Color","False","Color [Window]",
"ListBox","Forms.ListBox.1","BorderColor","System.Drawing.Color","False","Color [WindowFrame]",
"ListBox","Forms.ListBox.1","BordersSuppress","System.Boolean","False","False",
"ListBox","Forms.ListBox.1","BorderStyle","2780421680928_fmBorderStyle","False","None",
"ListBox","Forms.ListBox.1","BoundColumn","System.Windows.Forms.ComponentModel.Com2Interop.Com2Variant","False","1",
"ListBox","Forms.ListBox.1","BoundValue","System.Windows.Forms.ComponentModel.Com2Interop.Com2Variant","False",,
"ListBox","Forms.ListBox.1","Cancel","System.Boolean","False",,
"ListBox","Forms.ListBox.1","ColumnCount","System.Int32","False","1",
"ListBox","Forms.ListBox.1","ColumnHeads","System.Boolean","False","False",
"ListBox","Forms.ListBox.1","ColumnWidths","System.String","False",,
"ListBox","Forms.ListBox.1","ControlSource","System.String","False",,
"ListBox","Forms.ListBox.1","ControlTipText","System.String","False",,
"ListBox","Forms.ListBox.1","Default","System.Boolean","False",,
"ListBox","Forms.ListBox.1","DisplayStyle","2780421680400_fmDisplayStyle","True","List",
"ListBox","Forms.ListBox.1","Enabled","System.Boolean","False","True",
"ListBox","Forms.ListBox.1","Font","System.Drawing.Font","False","[Font: Name=Tahoma, Size=8.25, Units=3, GdiCharSet=0, GdiVerticalFont=False]",
"ListBox","Forms.ListBox.1","FontBold","System.Boolean","False","False",
"ListBox","Forms.ListBox.1","FontItalic","System.Boolean","False","False",
"ListBox","Forms.ListBox.1","FontName","System.String","False","Tahoma",
"ListBox","Forms.ListBox.1","FontSize","System.Decimal","False","8.25",
"ListBox","Forms.ListBox.1","FontStrikethru","System.Boolean","False","False",
"ListBox","Forms.ListBox.1","FontUnderline","System.Boolean","False","False",
"ListBox","Forms.ListBox.1","FontWeight","System.Int16","False","400",
"ListBox","Forms.ListBox.1","ForeColor","System.Drawing.Color","False","Color [WindowText]",
"ListBox","Forms.ListBox.1","Height","System.Single","False","32",
"ListBox","Forms.ListBox.1","HelpContextID","System.Int32","False","0",
"ListBox","Forms.ListBox.1","IMEMode","2780421681632_fmIMEMode","False","NoControl",
"ListBox","Forms.ListBox.1","InSelection","System.Boolean","False","False",
"ListBox","Forms.ListBox.1","IntegralHeight","System.Boolean","False","True",
"ListBox","Forms.ListBox.1","LayoutEffect","2780421679608_fmLayoutEffect","True",,
"ListBox","Forms.ListBox.1","Left","System.Single","False","12",
"ListBox","Forms.ListBox.1","ListCount","System.Int32","True","0",
"ListBox","Forms.ListBox.1","ListCursor",,"False",,
"ListBox","Forms.ListBox.1","ListIndex","System.Windows.Forms.ComponentModel.Com2Interop.Com2Variant","False","-1",
"ListBox","Forms.ListBox.1","ListStyle","2780421681192_fmListStyle","False","Plain",
"ListBox","Forms.ListBox.1","ListWidth","System.Windows.Forms.ComponentModel.Com2Interop.Com2Variant","False","0 pt",
"ListBox","Forms.ListBox.1","Locked","System.Boolean","False","False",
"ListBox","Forms.ListBox.1","MatchEntry","2780421681280_fmMatchEntry","False","FirstLetter",
"ListBox","Forms.ListBox.1","MouseIcon","System.Drawing.Icon","False",,
"ListBox","Forms.ListBox.1","MousePointer","2780421680048_fmMousePointer","False","Default",
"ListBox","Forms.ListBox.1","MultiSelect","2780421680136_fmMultiSelect","False","Single",
"ListBox","Forms.ListBox.1","Name","System.String","False","probeListBox",
"ListBox","Forms.ListBox.1","Object","System.Windows.Forms.UnsafeNativeMethods+IDispatch","True",,
"ListBox","Forms.ListBox.1","OldHeight","System.Single","True",,
"ListBox","Forms.ListBox.1","OldLeft","System.Single","True",,
"ListBox","Forms.ListBox.1","OldTop","System.Single","True",,
"ListBox","Forms.ListBox.1","OldWidth","System.Single","True",,
"ListBox","Forms.ListBox.1","Parent","System.Windows.Forms.UnsafeNativeMethods+IDispatch","True",,
"ListBox","Forms.ListBox.1","RowSource","System.String","False",,
"ListBox","Forms.ListBox.1","RowSourceType","System.Int16","False",,
"ListBox","Forms.ListBox.1","SpecialEffect","2780421681456_fmSpecialEffect","False","Sunken",
"ListBox","Forms.ListBox.1","TabIndex","System.Int16","False","5",
"ListBox","Forms.ListBox.1","TabStop","System.Boolean","False","True",
"ListBox","Forms.ListBox.1","Tag","System.String","False",,
"ListBox","Forms.ListBox.1","Text","System.String","False",,
"ListBox","Forms.ListBox.1","TextAlign","2780421680488_fmTextAlign","False","Left",
"ListBox","Forms.ListBox.1","TextColumn","System.Windows.Forms.ComponentModel.Com2Interop.Com2Variant","False","-1",
"ListBox","Forms.ListBox.1","Top","System.Single","False","138",
"ListBox","Forms.ListBox.1","TopIndex","System.Windows.Forms.ComponentModel.Com2Interop.Com2Variant","False","-1",
"ListBox","Forms.ListBox.1","Valid","System.Boolean","True","True",
"ListBox","Forms.ListBox.1","Value","System.Windows.Forms.ComponentModel.Com2Interop.Com2Variant","False",,
"ListBox","Forms.ListBox.1","Visible","System.Boolean","False","True",
"ListBox","Forms.ListBox.1","Width","System.Single","False","140",
"MultiPage","Forms.MultiPage.1","_Font_Reserved","System.Drawing.Font","False",,"L'opération GetValue sur le composant a échoué avec le code d'erreur 0x80020003."
"MultiPage","Forms.MultiPage.1","BackColor","System.Drawing.Color","False","Color [Control]",
"MultiPage","Forms.MultiPage.1","BoundValue","System.Windows.Forms.ComponentModel.Com2Interop.Com2Variant","False",,
"MultiPage","Forms.MultiPage.1","Cancel","System.Boolean","False",,
"MultiPage","Forms.MultiPage.1","ControlSource","System.String","False",,
"MultiPage","Forms.MultiPage.1","ControlTipText","System.String","False",,
"MultiPage","Forms.MultiPage.1","Default","System.Boolean","False",,
"MultiPage","Forms.MultiPage.1","Enabled","System.Boolean","False","True",
"MultiPage","Forms.MultiPage.1","Font","System.Drawing.Font","False","[Font: Name=Tahoma, Size=8.25, Units=3, GdiCharSet=0, GdiVerticalFont=False]",
"MultiPage","Forms.MultiPage.1","FontBold","System.Boolean","False","False",
"MultiPage","Forms.MultiPage.1","FontItalic","System.Boolean","False","False",
"MultiPage","Forms.MultiPage.1","FontName","System.String","False","Tahoma",
"MultiPage","Forms.MultiPage.1","FontSize","System.Decimal","False","8.25",
"MultiPage","Forms.MultiPage.1","FontStrikethru","System.Boolean","False","False",
"MultiPage","Forms.MultiPage.1","FontUnderline","System.Boolean","False","False",
"MultiPage","Forms.MultiPage.1","FontWeight","System.Int16","False","400",
"MultiPage","Forms.MultiPage.1","ForeColor","System.Drawing.Color","False","Color [ControlText]",
"MultiPage","Forms.MultiPage.1","Height","System.Single","False","32",
"MultiPage","Forms.MultiPage.1","HelpContextID","System.Int32","False","0",
"MultiPage","Forms.MultiPage.1","InSelection","System.Boolean","False","False",
"MultiPage","Forms.MultiPage.1","LayoutEffect","2780421679608_fmLayoutEffect","True",,
"MultiPage","Forms.MultiPage.1","Left","System.Single","False","167",
"MultiPage","Forms.MultiPage.1","MultiRow","System.Boolean","False","False",
"MultiPage","Forms.MultiPage.1","Name","System.String","False","probeMultiPage",
"MultiPage","Forms.MultiPage.1","Object","System.Windows.Forms.UnsafeNativeMethods+IDispatch","True",,
"MultiPage","Forms.MultiPage.1","OldHeight","System.Single","True",,
"MultiPage","Forms.MultiPage.1","OldLeft","System.Single","True",,
"MultiPage","Forms.MultiPage.1","OldTop","System.Single","True",,
"MultiPage","Forms.MultiPage.1","OldWidth","System.Single","True",,
"MultiPage","Forms.MultiPage.1","Pages","System.Windows.Forms.UnsafeNativeMethods+IDispatch","True",,
"MultiPage","Forms.MultiPage.1","Parent","System.Windows.Forms.UnsafeNativeMethods+IDispatch","True",,
"MultiPage","Forms.MultiPage.1","RowSource","System.String","False",,
"MultiPage","Forms.MultiPage.1","RowSourceType","System.Int16","False",,
"MultiPage","Forms.MultiPage.1","SelectedItem","System.Object","True",,
"MultiPage","Forms.MultiPage.1","Style","2780421684888_fmTabStyle","False","Tabs",
"MultiPage","Forms.MultiPage.1","TabFixedHeight","System.Single","False","0",
"MultiPage","Forms.MultiPage.1","TabFixedWidth","System.Single","False","0",
"MultiPage","Forms.MultiPage.1","TabIndex","System.Int16","False","6",
"MultiPage","Forms.MultiPage.1","TabOrientation","2780421684976_fmTabOrientation","False","Top",
"MultiPage","Forms.MultiPage.1","TabStop","System.Boolean","False","True",
"MultiPage","Forms.MultiPage.1","Tag","System.String","False",,
"MultiPage","Forms.MultiPage.1","Top","System.Single","False","138",
"MultiPage","Forms.MultiPage.1","Value","System.Int32","False","0",
"MultiPage","Forms.MultiPage.1","Visible","System.Boolean","False","True",
"MultiPage","Forms.MultiPage.1","Width","System.Single","False","140",
"OptionButton","Forms.OptionButton.1","_Font_Reserved","System.Drawing.Font","False",,"L'opération GetValue sur le composant a échoué avec le code d'erreur 0x80020003."
"OptionButton","Forms.OptionButton.1","Accelerator","System.String","False",,
"OptionButton","Forms.OptionButton.1","Alignment","2780421679696_fmAlignment","False","Right",
"OptionButton","Forms.OptionButton.1","AutoSize","System.Boolean","False","False",
"OptionButton","Forms.OptionButton.1","BackColor","System.Drawing.Color","False","Color [Control]",
"OptionButton","Forms.OptionButton.1","BackStyle","2780421679872_fmBackStyle","False","Opaque",
"OptionButton","Forms.OptionButton.1","BordersSuppress","System.Boolean","False","False",
"OptionButton","Forms.OptionButton.1","BoundValue","System.Windows.Forms.ComponentModel.Com2Interop.Com2Variant","False","False",
"OptionButton","Forms.OptionButton.1","Cancel","System.Boolean","False",,
"OptionButton","Forms.OptionButton.1","Caption","System.String","False",,
"OptionButton","Forms.OptionButton.1","ControlSource","System.String","False",,
"OptionButton","Forms.OptionButton.1","ControlTipText","System.String","False",,
"OptionButton","Forms.OptionButton.1","Default","System.Boolean","False",,
"OptionButton","Forms.OptionButton.1","DisplayStyle","2780421680400_fmDisplayStyle","True","OptionButton",
"OptionButton","Forms.OptionButton.1","Enabled","System.Boolean","False","True",
"OptionButton","Forms.OptionButton.1","Font","System.Drawing.Font","False","[Font: Name=Tahoma, Size=8.25, Units=3, GdiCharSet=0, GdiVerticalFont=False]",
"OptionButton","Forms.OptionButton.1","FontBold","System.Boolean","False","False",
"OptionButton","Forms.OptionButton.1","FontItalic","System.Boolean","False","False",
"OptionButton","Forms.OptionButton.1","FontName","System.String","False","Tahoma",
"OptionButton","Forms.OptionButton.1","FontSize","System.Decimal","False","8.25",
"OptionButton","Forms.OptionButton.1","FontStrikethru","System.Boolean","False","False",
"OptionButton","Forms.OptionButton.1","FontUnderline","System.Boolean","False","False",
"OptionButton","Forms.OptionButton.1","FontWeight","System.Int16","False","400",
"OptionButton","Forms.OptionButton.1","ForeColor","System.Drawing.Color","False","Color [ControlText]",
"OptionButton","Forms.OptionButton.1","GroupName","System.String","False",,
"OptionButton","Forms.OptionButton.1","Height","System.Single","False","32",
"OptionButton","Forms.OptionButton.1","HelpContextID","System.Int32","False","0",
"OptionButton","Forms.OptionButton.1","InSelection","System.Boolean","False","False",
"OptionButton","Forms.OptionButton.1","LayoutEffect","2780421679608_fmLayoutEffect","True",,
"OptionButton","Forms.OptionButton.1","Left","System.Single","False","12",
"OptionButton","Forms.OptionButton.1","Locked","System.Boolean","False","False",
"OptionButton","Forms.OptionButton.1","MouseIcon","System.Drawing.Icon","False",,
"OptionButton","Forms.OptionButton.1","MousePointer","2780421680048_fmMousePointer","False","Default",
"OptionButton","Forms.OptionButton.1","MultiSelect","2780421680136_fmMultiSelect","False","Single",
"OptionButton","Forms.OptionButton.1","Name","System.String","False","probeOptionButton",
"OptionButton","Forms.OptionButton.1","Object","System.Windows.Forms.UnsafeNativeMethods+IDispatch","True",,
"OptionButton","Forms.OptionButton.1","OldHeight","System.Single","True",,
"OptionButton","Forms.OptionButton.1","OldLeft","System.Single","True",,
"OptionButton","Forms.OptionButton.1","OldTop","System.Single","True",,
"OptionButton","Forms.OptionButton.1","OldWidth","System.Single","True",,
"OptionButton","Forms.OptionButton.1","Parent","System.Windows.Forms.UnsafeNativeMethods+IDispatch","True",,
"OptionButton","Forms.OptionButton.1","Picture","System.Drawing.Bitmap","False",,
"OptionButton","Forms.OptionButton.1","PicturePosition","2780421680224_fmPicturePosition","False","AboveCenter",
"OptionButton","Forms.OptionButton.1","RowSource","System.String","False",,
"OptionButton","Forms.OptionButton.1","RowSourceType","System.Int16","False",,
"OptionButton","Forms.OptionButton.1","SpecialEffect","2780421680312_fmButtonEffect","False","Sunken",
"OptionButton","Forms.OptionButton.1","TabIndex","System.Int16","False","7",
"OptionButton","Forms.OptionButton.1","TabStop","System.Boolean","False","True",
"OptionButton","Forms.OptionButton.1","Tag","System.String","False",,
"OptionButton","Forms.OptionButton.1","TextAlign","2780421680488_fmTextAlign","False","Left",
"OptionButton","Forms.OptionButton.1","Top","System.Single","False","180",
"OptionButton","Forms.OptionButton.1","TripleState","System.Boolean","False","False",
"OptionButton","Forms.OptionButton.1","Valid","System.Boolean","True","True",
"OptionButton","Forms.OptionButton.1","Value","System.Windows.Forms.ComponentModel.Com2Interop.Com2Variant","False","False",
"OptionButton","Forms.OptionButton.1","Visible","System.Boolean","False","True",
"OptionButton","Forms.OptionButton.1","Width","System.Single","False","140",
"OptionButton","Forms.OptionButton.1","WordWrap","System.Boolean","False","True",
"ScrollBar","Forms.ScrollBar.1","BackColor","System.Drawing.Color","False","Color [Control]",
"ScrollBar","Forms.ScrollBar.1","BoundValue","System.Windows.Forms.ComponentModel.Com2Interop.Com2Variant","False","0",
"ScrollBar","Forms.ScrollBar.1","Cancel","System.Boolean","False",,
"ScrollBar","Forms.ScrollBar.1","ControlSource","System.String","False",,
"ScrollBar","Forms.ScrollBar.1","ControlTipText","System.String","False",,
"ScrollBar","Forms.ScrollBar.1","Default","System.Boolean","False",,
"ScrollBar","Forms.ScrollBar.1","Delay","System.Int32","False","50",
"ScrollBar","Forms.ScrollBar.1","Enabled","System.Boolean","False","True",
"ScrollBar","Forms.ScrollBar.1","ForeColor","System.Drawing.Color","False","Color [ControlText]",
"ScrollBar","Forms.ScrollBar.1","Height","System.Single","False","32",
"ScrollBar","Forms.ScrollBar.1","HelpContextID","System.Int32","False","0",
"ScrollBar","Forms.ScrollBar.1","InSelection","System.Boolean","False","False",
"ScrollBar","Forms.ScrollBar.1","LargeChange","System.Int32","False","1",
"ScrollBar","Forms.ScrollBar.1","LayoutEffect","2780421679608_fmLayoutEffect","True",,
"ScrollBar","Forms.ScrollBar.1","Left","System.Single","False","167",
"ScrollBar","Forms.ScrollBar.1","Max","System.Int32","False","32767",
"ScrollBar","Forms.ScrollBar.1","Min","System.Int32","False","0",
"ScrollBar","Forms.ScrollBar.1","MouseIcon","System.Drawing.Icon","False",,
"ScrollBar","Forms.ScrollBar.1","MousePointer","2780421680048_fmMousePointer","False","Default",
"ScrollBar","Forms.ScrollBar.1","Name","System.String","False","probeScrollBar",
"ScrollBar","Forms.ScrollBar.1","Object","System.Windows.Forms.UnsafeNativeMethods+IDispatch","True",,
"ScrollBar","Forms.ScrollBar.1","OldHeight","System.Single","True",,
"ScrollBar","Forms.ScrollBar.1","OldLeft","System.Single","True",,
"ScrollBar","Forms.ScrollBar.1","OldTop","System.Single","True",,
"ScrollBar","Forms.ScrollBar.1","OldWidth","System.Single","True",,
"ScrollBar","Forms.ScrollBar.1","Orientation","2780421686208_fmOrientation","False","Auto",
"ScrollBar","Forms.ScrollBar.1","Parent","System.Windows.Forms.UnsafeNativeMethods+IDispatch","True",,
"ScrollBar","Forms.ScrollBar.1","ProportionalThumb","System.Boolean","False","True",
"ScrollBar","Forms.ScrollBar.1","RowSource","System.String","False",,
"ScrollBar","Forms.ScrollBar.1","RowSourceType","System.Int16","False",,
"ScrollBar","Forms.ScrollBar.1","SmallChange","System.Int32","False","1",
"ScrollBar","Forms.ScrollBar.1","TabIndex","System.Int16","False","8",
"ScrollBar","Forms.ScrollBar.1","TabStop","System.Boolean","False","True",
"ScrollBar","Forms.ScrollBar.1","Tag","System.String","False",,
"ScrollBar","Forms.ScrollBar.1","Top","System.Single","False","180",
"ScrollBar","Forms.ScrollBar.1","Value","System.Int32","False","0",
"ScrollBar","Forms.ScrollBar.1","Visible","System.Boolean","False","True",
"ScrollBar","Forms.ScrollBar.1","Width","System.Single","False","140",
"SpinButton","Forms.SpinButton.1","BackColor","System.Drawing.Color","False","Color [Control]",
"SpinButton","Forms.SpinButton.1","BoundValue","System.Windows.Forms.ComponentModel.Com2Interop.Com2Variant","False","0",
"SpinButton","Forms.SpinButton.1","Cancel","System.Boolean","False",,
"SpinButton","Forms.SpinButton.1","ControlSource","System.String","False",,
"SpinButton","Forms.SpinButton.1","ControlTipText","System.String","False",,
"SpinButton","Forms.SpinButton.1","Default","System.Boolean","False",,
"SpinButton","Forms.SpinButton.1","Delay","System.Int32","False","50",
"SpinButton","Forms.SpinButton.1","Enabled","System.Boolean","False","True",
"SpinButton","Forms.SpinButton.1","ForeColor","System.Drawing.Color","False","Color [ControlText]",
"SpinButton","Forms.SpinButton.1","Height","System.Single","False","32",
"SpinButton","Forms.SpinButton.1","HelpContextID","System.Int32","False","0",
"SpinButton","Forms.SpinButton.1","InSelection","System.Boolean","False","False",
"SpinButton","Forms.SpinButton.1","LayoutEffect","2780421679608_fmLayoutEffect","True",,
"SpinButton","Forms.SpinButton.1","Left","System.Single","False","12",
"SpinButton","Forms.SpinButton.1","Max","System.Int32","False","100",
"SpinButton","Forms.SpinButton.1","Min","System.Int32","False","0",
"SpinButton","Forms.SpinButton.1","MouseIcon","System.Drawing.Icon","False",,
"SpinButton","Forms.SpinButton.1","MousePointer","2780421680048_fmMousePointer","False","Default",
"SpinButton","Forms.SpinButton.1","Name","System.String","False","probeSpinButton",
"SpinButton","Forms.SpinButton.1","Object","System.Windows.Forms.UnsafeNativeMethods+IDispatch","True",,
"SpinButton","Forms.SpinButton.1","OldHeight","System.Single","True",,
"SpinButton","Forms.SpinButton.1","OldLeft","System.Single","True",,
"SpinButton","Forms.SpinButton.1","OldTop","System.Single","True",,
"SpinButton","Forms.SpinButton.1","OldWidth","System.Single","True",,
"SpinButton","Forms.SpinButton.1","Orientation","2780421686208_fmOrientation","False","Auto",
"SpinButton","Forms.SpinButton.1","Parent","System.Windows.Forms.UnsafeNativeMethods+IDispatch","True",,
"SpinButton","Forms.SpinButton.1","RowSource","System.String","False",,
"SpinButton","Forms.SpinButton.1","RowSourceType","System.Int16","False",,
"SpinButton","Forms.SpinButton.1","SmallChange","System.Int32","False","1",
"SpinButton","Forms.SpinButton.1","TabIndex","System.Int16","False","9",
"SpinButton","Forms.SpinButton.1","TabStop","System.Boolean","False","True",
"SpinButton","Forms.SpinButton.1","Tag","System.String","False",,
"SpinButton","Forms.SpinButton.1","Top","System.Single","False","222",
"SpinButton","Forms.SpinButton.1","Value","System.Int32","False","0",
"SpinButton","Forms.SpinButton.1","Visible","System.Boolean","False","True",
"SpinButton","Forms.SpinButton.1","Width","System.Single","False","140",
"TabStrip","Forms.TabStrip.1","_Font_Reserved","System.Drawing.Font","False",,"L'opération GetValue sur le composant a échoué avec le code d'erreur 0x80020003."
"TabStrip","Forms.TabStrip.1","BackColor","System.Drawing.Color","False","Color [Control]",
"TabStrip","Forms.TabStrip.1","BoundValue","System.Windows.Forms.ComponentModel.Com2Interop.Com2Variant","False",,
"TabStrip","Forms.TabStrip.1","Cancel","System.Boolean","False",,
"TabStrip","Forms.TabStrip.1","ClientHeight","System.Single","True","14.9",
"TabStrip","Forms.TabStrip.1","ClientLeft","System.Single","True","1.5",
"TabStrip","Forms.TabStrip.1","ClientTop","System.Single","True","15.6",
"TabStrip","Forms.TabStrip.1","ClientWidth","System.Single","True","137",
"TabStrip","Forms.TabStrip.1","ControlSource","System.String","False",,
"TabStrip","Forms.TabStrip.1","ControlTipText","System.String","False",,
"TabStrip","Forms.TabStrip.1","Default","System.Boolean","False",,
"TabStrip","Forms.TabStrip.1","Enabled","System.Boolean","False","True",
"TabStrip","Forms.TabStrip.1","Font","System.Drawing.Font","False","[Font: Name=Tahoma, Size=8.25, Units=3, GdiCharSet=0, GdiVerticalFont=False]",
"TabStrip","Forms.TabStrip.1","FontBold","System.Boolean","False","False",
"TabStrip","Forms.TabStrip.1","FontItalic","System.Boolean","False","False",
"TabStrip","Forms.TabStrip.1","FontName","System.String","False","Tahoma",
"TabStrip","Forms.TabStrip.1","FontSize","System.Decimal","False","8.25",
"TabStrip","Forms.TabStrip.1","FontStrikethru","System.Boolean","False","False",
"TabStrip","Forms.TabStrip.1","FontUnderline","System.Boolean","False","False",
"TabStrip","Forms.TabStrip.1","FontWeight","System.Int16","False","400",
"TabStrip","Forms.TabStrip.1","ForeColor","System.Drawing.Color","False","Color [ControlText]",
"TabStrip","Forms.TabStrip.1","Height","System.Single","False","32",
"TabStrip","Forms.TabStrip.1","HelpContextID","System.Int32","False","0",
"TabStrip","Forms.TabStrip.1","InSelection","System.Boolean","False","False",
"TabStrip","Forms.TabStrip.1","LayoutEffect","2780421679608_fmLayoutEffect","True",,
"TabStrip","Forms.TabStrip.1","Left","System.Single","False","167",
"TabStrip","Forms.TabStrip.1","MouseIcon","System.Drawing.Icon","False",,
"TabStrip","Forms.TabStrip.1","MousePointer","2780421680048_fmMousePointer","False","Default",
"TabStrip","Forms.TabStrip.1","MultiRow","System.Boolean","False","False",
"TabStrip","Forms.TabStrip.1","Name","System.String","False","probeTabStrip",
"TabStrip","Forms.TabStrip.1","Object","System.Windows.Forms.UnsafeNativeMethods+IDispatch","True",,
"TabStrip","Forms.TabStrip.1","OldHeight","System.Single","True",,
"TabStrip","Forms.TabStrip.1","OldLeft","System.Single","True",,
"TabStrip","Forms.TabStrip.1","OldTop","System.Single","True",,
"TabStrip","Forms.TabStrip.1","OldWidth","System.Single","True",,
"TabStrip","Forms.TabStrip.1","Parent","System.Windows.Forms.UnsafeNativeMethods+IDispatch","True",,
"TabStrip","Forms.TabStrip.1","RowSource","System.String","False",,
"TabStrip","Forms.TabStrip.1","RowSourceType","System.Int16","False",,
"TabStrip","Forms.TabStrip.1","SelectedItem","System.Windows.Forms.UnsafeNativeMethods+IDispatch","True",,
"TabStrip","Forms.TabStrip.1","Style","2780421684888_fmTabStyle","False","Tabs",
"TabStrip","Forms.TabStrip.1","TabFixedHeight","System.Single","False","0",
"TabStrip","Forms.TabStrip.1","TabFixedWidth","System.Single","False","0",
"TabStrip","Forms.TabStrip.1","TabIndex","System.Int16","False","10",
"TabStrip","Forms.TabStrip.1","TabOrientation","2780421684976_fmTabOrientation","False","Top",
"TabStrip","Forms.TabStrip.1","Tabs","System.Windows.Forms.UnsafeNativeMethods+IDispatch","True",,
"TabStrip","Forms.TabStrip.1","TabStop","System.Boolean","False","True",
"TabStrip","Forms.TabStrip.1","Tag","System.String","False",,
"TabStrip","Forms.TabStrip.1","Top","System.Single","False","222",
"TabStrip","Forms.TabStrip.1","Value","System.Int32","False","0",
"TabStrip","Forms.TabStrip.1","Visible","System.Boolean","False","True",
"TabStrip","Forms.TabStrip.1","Width","System.Single","False","140",
"TextBox","Forms.TextBox.1","_Font_Reserved","System.Drawing.Font","False",,"L'opération GetValue sur le composant a échoué avec le code d'erreur 0x80020003."
"TextBox","Forms.TextBox.1","AutoSize","System.Boolean","False","False",
"TextBox","Forms.TextBox.1","AutoTab","System.Boolean","False","False",
"TextBox","Forms.TextBox.1","AutoWordSelect","System.Boolean","False","True",
"TextBox","Forms.TextBox.1","BackColor","System.Drawing.Color","False","Color [Window]",
"TextBox","Forms.TextBox.1","BackStyle","2780421679872_fmBackStyle","False","Opaque",
"TextBox","Forms.TextBox.1","BorderColor","System.Drawing.Color","False","Color [WindowFrame]",
"TextBox","Forms.TextBox.1","BordersSuppress","System.Boolean","False","False",
"TextBox","Forms.TextBox.1","BorderStyle","2780421680928_fmBorderStyle","False","None",
"TextBox","Forms.TextBox.1","BoundValue","System.Windows.Forms.ComponentModel.Com2Interop.Com2Variant","False",,
"TextBox","Forms.TextBox.1","Cancel","System.Boolean","False",,
"TextBox","Forms.TextBox.1","CanPaste","System.Boolean","True","True",
"TextBox","Forms.TextBox.1","ControlSource","System.String","False",,
"TextBox","Forms.TextBox.1","ControlTipText","System.String","False",,
"TextBox","Forms.TextBox.1","CurLine","System.Int32","False",,
"TextBox","Forms.TextBox.1","CurTargetX","System.Int32","True",,
"TextBox","Forms.TextBox.1","CurTargetY","System.Int32","True",,
"TextBox","Forms.TextBox.1","CurX","System.Int32","False",,
"TextBox","Forms.TextBox.1","CurY","System.Int32","False",,
"TextBox","Forms.TextBox.1","Default","System.Boolean","False",,
"TextBox","Forms.TextBox.1","DisplayStyle","2780421680400_fmDisplayStyle","True","Text",
"TextBox","Forms.TextBox.1","DragBehavior","2780421681808_fmDragBehavior","False","Disabled",
"TextBox","Forms.TextBox.1","DropButtonStyle","2780421681016_fmDropButtonStyle","False","Arrow",
"TextBox","Forms.TextBox.1","Enabled","System.Boolean","False","True",
"TextBox","Forms.TextBox.1","EnterFieldBehavior","2780421681720_fmEnterFieldBehavior","False","SelectAll",
"TextBox","Forms.TextBox.1","EnterKeyBehavior","System.Boolean","False","False",
"TextBox","Forms.TextBox.1","Font","System.Drawing.Font","False","[Font: Name=Tahoma, Size=8.25, Units=3, GdiCharSet=0, GdiVerticalFont=False]",
"TextBox","Forms.TextBox.1","FontBold","System.Boolean","False","False",
"TextBox","Forms.TextBox.1","FontItalic","System.Boolean","False","False",
"TextBox","Forms.TextBox.1","FontName","System.String","False","Tahoma",
"TextBox","Forms.TextBox.1","FontSize","System.Decimal","False","8.25",
"TextBox","Forms.TextBox.1","FontStrikethru","System.Boolean","False","False",
"TextBox","Forms.TextBox.1","FontUnderline","System.Boolean","False","False",
"TextBox","Forms.TextBox.1","FontWeight","System.Int16","False","400",
"TextBox","Forms.TextBox.1","ForeColor","System.Drawing.Color","False","Color [WindowText]",
"TextBox","Forms.TextBox.1","Height","System.Single","False","32",
"TextBox","Forms.TextBox.1","HelpContextID","System.Int32","False","0",
"TextBox","Forms.TextBox.1","HideSelection","System.Boolean","False","True",
"TextBox","Forms.TextBox.1","IMEMode","2780421681632_fmIMEMode","False","NoControl",
"TextBox","Forms.TextBox.1","InSelection","System.Boolean","False","False",
"TextBox","Forms.TextBox.1","IntegralHeight","System.Boolean","False","True",
"TextBox","Forms.TextBox.1","LayoutEffect","2780421679608_fmLayoutEffect","True",,
"TextBox","Forms.TextBox.1","Left","System.Single","False","12",
"TextBox","Forms.TextBox.1","LineCount","System.Int32","True",,
"TextBox","Forms.TextBox.1","Locked","System.Boolean","False","False",
"TextBox","Forms.TextBox.1","MaxLength","System.Int32","False","0",
"TextBox","Forms.TextBox.1","MouseIcon","System.Drawing.Icon","False",,
"TextBox","Forms.TextBox.1","MousePointer","2780421680048_fmMousePointer","False","Default",
"TextBox","Forms.TextBox.1","MultiLine","System.Boolean","False","False",
"TextBox","Forms.TextBox.1","Name","System.String","False","probeTextBox",
"TextBox","Forms.TextBox.1","Object","System.Windows.Forms.UnsafeNativeMethods+IDispatch","True",,
"TextBox","Forms.TextBox.1","OldHeight","System.Single","True",,
"TextBox","Forms.TextBox.1","OldLeft","System.Single","True",,
"TextBox","Forms.TextBox.1","OldTop","System.Single","True",,
"TextBox","Forms.TextBox.1","OldWidth","System.Single","True",,
"TextBox","Forms.TextBox.1","Parent","System.Windows.Forms.UnsafeNativeMethods+IDispatch","True",,
"TextBox","Forms.TextBox.1","PasswordChar","System.String","False",,
"TextBox","Forms.TextBox.1","RowSource","System.String","False",,
"TextBox","Forms.TextBox.1","RowSourceType","System.Int16","False",,
"TextBox","Forms.TextBox.1","ScrollBars","2780421683040_fmScrollBars","False","None",
"TextBox","Forms.TextBox.1","SelectionMargin","System.Boolean","False","True",
"TextBox","Forms.TextBox.1","SelLength","System.Int32","False","0",
"TextBox","Forms.TextBox.1","SelStart","System.Int32","False","0",
"TextBox","Forms.TextBox.1","SelText","System.String","False","",
"TextBox","Forms.TextBox.1","ShowDropButtonWhen","2780421681368_fmShowDropButtonWhen","False","Never",
"TextBox","Forms.TextBox.1","SpecialEffect","2780421681456_fmSpecialEffect","False","Sunken",
"TextBox","Forms.TextBox.1","TabIndex","System.Int16","False","11",
"TextBox","Forms.TextBox.1","TabKeyBehavior","System.Boolean","False","False",
"TextBox","Forms.TextBox.1","TabStop","System.Boolean","False","True",
"TextBox","Forms.TextBox.1","Tag","System.String","False",,
"TextBox","Forms.TextBox.1","Text","System.String","False",,
"TextBox","Forms.TextBox.1","TextAlign","2780421680488_fmTextAlign","False","Left",
"TextBox","Forms.TextBox.1","TextLength","System.Int32","True","0",
"TextBox","Forms.TextBox.1","Top","System.Single","False","264",
"TextBox","Forms.TextBox.1","Valid","System.Boolean","True","True",
"TextBox","Forms.TextBox.1","Value","System.Windows.Forms.ComponentModel.Com2Interop.Com2Variant","False",,
"TextBox","Forms.TextBox.1","Visible","System.Boolean","False","True",
"TextBox","Forms.TextBox.1","Width","System.Single","False","140",
"TextBox","Forms.TextBox.1","WordWrap","System.Boolean","False","True",
"ToggleButton","Forms.ToggleButton.1","_Font_Reserved","System.Drawing.Font","False",,"L'opération GetValue sur le composant a échoué avec le code d'erreur 0x80020003."
"ToggleButton","Forms.ToggleButton.1","Accelerator","System.String","False",,
"ToggleButton","Forms.ToggleButton.1","Alignment","2780421679696_fmAlignment","False",,
"ToggleButton","Forms.ToggleButton.1","AutoSize","System.Boolean","False","False",
"ToggleButton","Forms.ToggleButton.1","BackColor","System.Drawing.Color","False","Color [Control]",
"ToggleButton","Forms.ToggleButton.1","BackStyle","2780421679872_fmBackStyle","False","Opaque",
"ToggleButton","Forms.ToggleButton.1","BordersSuppress","System.Boolean","False","False",
"ToggleButton","Forms.ToggleButton.1","BoundValue","System.Windows.Forms.ComponentModel.Com2Interop.Com2Variant","False","False",
"ToggleButton","Forms.ToggleButton.1","Cancel","System.Boolean","False",,
"ToggleButton","Forms.ToggleButton.1","Caption","System.String","False",,
"ToggleButton","Forms.ToggleButton.1","ControlSource","System.String","False",,
"ToggleButton","Forms.ToggleButton.1","ControlTipText","System.String","False",,
"ToggleButton","Forms.ToggleButton.1","Default","System.Boolean","False",,
"ToggleButton","Forms.ToggleButton.1","DisplayStyle","2780421680400_fmDisplayStyle","True","Toggle",
"ToggleButton","Forms.ToggleButton.1","Enabled","System.Boolean","False","True",
"ToggleButton","Forms.ToggleButton.1","Font","System.Drawing.Font","False","[Font: Name=Tahoma, Size=8.25, Units=3, GdiCharSet=0, GdiVerticalFont=False]",
"ToggleButton","Forms.ToggleButton.1","FontBold","System.Boolean","False","False",
"ToggleButton","Forms.ToggleButton.1","FontItalic","System.Boolean","False","False",
"ToggleButton","Forms.ToggleButton.1","FontName","System.String","False","Tahoma",
"ToggleButton","Forms.ToggleButton.1","FontSize","System.Decimal","False","8.25",
"ToggleButton","Forms.ToggleButton.1","FontStrikethru","System.Boolean","False","False",
"ToggleButton","Forms.ToggleButton.1","FontUnderline","System.Boolean","False","False",
"ToggleButton","Forms.ToggleButton.1","FontWeight","System.Int16","False","400",
"ToggleButton","Forms.ToggleButton.1","ForeColor","System.Drawing.Color","False","Color [ControlText]",
"ToggleButton","Forms.ToggleButton.1","GroupName","System.String","False",,
"ToggleButton","Forms.ToggleButton.1","Height","System.Single","False","32",
"ToggleButton","Forms.ToggleButton.1","HelpContextID","System.Int32","False","0",
"ToggleButton","Forms.ToggleButton.1","InSelection","System.Boolean","False","False",
"ToggleButton","Forms.ToggleButton.1","LayoutEffect","2780421679608_fmLayoutEffect","True",,
"ToggleButton","Forms.ToggleButton.1","Left","System.Single","False","167",
"ToggleButton","Forms.ToggleButton.1","Locked","System.Boolean","False","False",
"ToggleButton","Forms.ToggleButton.1","MouseIcon","System.Drawing.Icon","False",,
"ToggleButton","Forms.ToggleButton.1","MousePointer","2780421680048_fmMousePointer","False","Default",
"ToggleButton","Forms.ToggleButton.1","MultiSelect","2780421680136_fmMultiSelect","False","Single",
"ToggleButton","Forms.ToggleButton.1","Name","System.String","False","probeToggleButton",
"ToggleButton","Forms.ToggleButton.1","Object","System.Windows.Forms.UnsafeNativeMethods+IDispatch","True",,
"ToggleButton","Forms.ToggleButton.1","OldHeight","System.Single","True",,
"ToggleButton","Forms.ToggleButton.1","OldLeft","System.Single","True",,
"ToggleButton","Forms.ToggleButton.1","OldTop","System.Single","True",,
"ToggleButton","Forms.ToggleButton.1","OldWidth","System.Single","True",,
"ToggleButton","Forms.ToggleButton.1","Parent","System.Windows.Forms.UnsafeNativeMethods+IDispatch","True",,
"ToggleButton","Forms.ToggleButton.1","Picture","System.Drawing.Bitmap","False",,
"ToggleButton","Forms.ToggleButton.1","PicturePosition","2780421680224_fmPicturePosition","False","AboveCenter",
"ToggleButton","Forms.ToggleButton.1","RowSource","System.String","False",,
"ToggleButton","Forms.ToggleButton.1","RowSourceType","System.Int16","False",,
"ToggleButton","Forms.ToggleButton.1","SpecialEffect","2780421680312_fmButtonEffect","False",,
"ToggleButton","Forms.ToggleButton.1","TabIndex","System.Int16","False","12",
"ToggleButton","Forms.ToggleButton.1","TabStop","System.Boolean","False","True",
"ToggleButton","Forms.ToggleButton.1","Tag","System.String","False",,
"ToggleButton","Forms.ToggleButton.1","TextAlign","2780421680488_fmTextAlign","False","Center",
"ToggleButton","Forms.ToggleButton.1","Top","System.Single","False","264",
"ToggleButton","Forms.ToggleButton.1","TripleState","System.Boolean","False","False",
"ToggleButton","Forms.ToggleButton.1","Valid","System.Boolean","True","True",
"ToggleButton","Forms.ToggleButton.1","Value","System.Windows.Forms.ComponentModel.Com2Interop.Com2Variant","False","False",
"ToggleButton","Forms.ToggleButton.1","Visible","System.Boolean","False","True",
"ToggleButton","Forms.ToggleButton.1","Width","System.Single","False","140",
"ToggleButton","Forms.ToggleButton.1","WordWrap","System.Boolean","False","True",
